Top queries,Clicks,Impressions,CTR,Position
deutz engine parts,0,17,0%,67.06
industrial engine parts,0,16,0%,36.19
oem diesel parts,0,15,0%,28.67
x59414100022,0,15,0%,39.73
000912010014,0,14,0%,23
mtu engine parts,0,14,0%,38.36
0120373618,0,14,0%,46.14
5240530301,0,13,0%,15.69
5319970245,0,13,0%,17.62
x00041552,0,13,0%,25.23
5240530120,0,13,0%,26.62
700327028000,0,13,0%,36.92
5100850060,0,13,0%,41.08
0219976647,0,13,0%,60.85
0299976748,0,13,0%,65.77
f30006212,0,12,0%,22.67
x57508300091,0,12,0%,28.75
5240550550,0,12,0%,29.5
0000534335,0,12,0%,36.58
5272010505,0,12,0%,45.67
5240530305,0,12,0%,68.58
5840780024,0,11,0%,11.82
x52420300037,0,11,0%,18.82
x54999100010,0,11,0%,32.91
5241880180,0,11,0%,42.64
5240382550,0,11,0%,45.91
700327012000,0,11,0%,46.09
5240383710,0,11,0%,49.36
5241870380,0,11,0%,59.18
mtu parts,0,11,0%,63.82
5241420780,0,11,0%,65.36
deutz diesel engine parts,0,11,0%,70.64
0001424957,0,10,0%,53.8
8692040010,0,10,0%,57.4
0049976736,0,10,0%,66.1
0120370618,0,10,0%,77.5
5240530122,0,9,0%,23.89
x00e50201940,0,9,0%,24.89
5244920181,0,9,0%,27.78
5272010153,0,9,0%,39.67
700223010000,0,9,0%,50.11
0120370819,0,9,0%,50.89
5240980281,0,9,0%,51.56
700327015000,0,9,0%,57.11
x00e50210379,0,9,0%,71.78
xp52414800015,0,8,0%,39.38
mtu diesel parts,0,8,0%,43.5
0000530926,0,8,0%,50.62
5240530830,0,8,0%,51.12
0000180680,0,8,0%,53.88
deutz motor parts,0,8,0%,63.88
700429042001,0,8,0%,73.12
5240530805,0,8,0%,75.12
industrial engine production database,0,8,0%,79.25
0090375019,0,7,0%,36.14
xp58420400009,0,7,0%,42
700429100000,0,7,0%,47.14
700429036001,0,7,0%,49.86
mtu spare parts,0,7,0%,49.86
700429260000,0,7,0%,53.14
deutz parts,0,7,0%,75.14
700327022000,0,7,0%,86
mtu 2000 spare parts,0,6,0%,40.67
mtu 2000 parts,0,6,0%,41.5
x52403800001,0,6,0%,52.33
mtu 2000 overhaul,0,6,0%,54.33
mtu engine spare parts,0,6,0%,58.17
0000184560,0,6,0%,65.67
5240510110,0,6,0%,79.33
0080375819,0,6,0%,90.33
ex59403800071/42,0,5,0%,15.4
0002016419,0,5,0%,26
0025318485,0,5,0%,28.6
mtu parts catalog,0,5,0%,40.4
mtu 2000 engine parts,0,5,0%,46.2
5240332630,0,5,0%,49.2
marine diesel engines parts,0,5,0%,60.4
marine diesel engine spare parts,0,5,0%,64.6
marine diesel engine parts,0,5,0%,66.6
deutz spare parts,0,5,0%,69.6
5249900605,0,5,0%,82.2
700429050003,0,4,0%,31.25
mtu injectors,0,4,0%,32.75
5591420451,0,4,0%,40.5
diesel engine spare parts,0,4,0%,46.25
mtu 2000 teile,0,4,0%,49
mtu 2000 repair,0,4,0%,51.25
mtu parts online,0,4,0%,53
industrial equipment engine supplier,0,4,0%,56.75
deutz engine supplier,0,4,0%,58.75
mtu 2000 motorteile,0,4,0%,66
5240336602,0,4,0%,68.25
diesel generator parts,0,4,0%,76
mtu serial number lookup,0,3,0%,6.33
700429108000,0,3,0%,7
dieselpart,0,3,0%,7.33
5360900250,0,3,0%,10
mtu oil filter,0,3,0%,12.67
0000925105,0,3,0%,15
8695860572,0,3,0%,15
0035352231,0,3,0%,16.33
mtu 2000 ersatzteile,0,3,0%,25
0052031575,0,3,0%,28.33
8691840027,0,3,0%,31
industrial engine maintenance,0,3,0%,36.67
new oem engine parts,0,3,0%,39.67
mtu 2000 service,0,3,0%,40
mtu 18v2000g63,0,3,0%,52.33
x52499100815,0,3,0%,54.33
5241420580,0,3,0%,56.33
mtu 2000 engine dealer,0,3,0%,57
700429010004,0,3,0%,62.33
mtu parts suppliers,0,3,0%,65.33
cummins engine spare parts,0,3,0%,67.33
deutz diesel engine part,0,3,0%,74.33
mtu part,0,3,0%,74.33
deutz diesel parts,0,3,0%,75.33
duetz engine parts,0,3,0%,76
oem engine assembly manufacturer,0,3,0%,77
mtu 8v396tb53,0,3,0%,81
ship engine parts,0,3,0%,87
partsource,0,2,0%,6
x53608200005,0,2,0%,7
5410501336,0,2,0%,9
5410180233,0,2,0%,11
x59408300151,0,2,0%,12
industrial engine service,0,2,0%,16
0035352531,0,2,0%,22.5
diesel and industrial engine spares,0,2,0%,28
mtu spare parts catalog pdf,0,2,0%,31
quick ship engine parts,0,2,0%,31.5
x59514100001,0,2,0%,33.5
700429038003,0,2,0%,36
0005356430,0,2,0%,45
mtu 20v1163tb82,0,2,0%,53.5
mtu 10v183aa51,0,2,0%,60.5
diesel engine parts online,0,2,0%,62
mtu 16v538tb90,0,2,0%,62
diesel marine parts,0,2,0%,63.5
mtu 16v396tb93,0,2,0%,63.5
industrial generator parts,0,2,0%,64
deutz engine part,0,2,0%,70
mtu 16v538tb91,0,2,0%,75
oem tractor engine parts,0,2,0%,75
spare parts for diesel engines,0,2,0%,78
diesel engine spare parts supplier,0,2,0%,80
5240111380,0,2,0%,81
duetz parts,0,2,0%,86.5
engine parts mtu,0,2,0%,91.5
marine machinery spare parts,0,2,0%,93
yanmar diesel engine parts,0,1,0%,2
part source,0,1,0%,4
turbo mtu,0,1,0%,5
how do i get genuine mtu and detroit engine parts fast to avoid downtime?,0,1,0%,6
0031845201,0,1,0%,8
5360910201,0,1,0%,10
oem diesel engine,0,1,0%,10
x00e50214099,0,1,0%,10
mtu engine serial number,0,1,0%,11
x53507500012,0,1,0%,12
perkins diesel engine for sale,0,1,0%,15
xp59501800187,0,1,0%,15
mtu filter,0,1,0%,17
diesel oem,0,1,0%,18
mtu filters,0,1,0%,18
x52408100020,0,1,0%,19
oem diesel engine supplier,0,1,0%,27
power parts supply bv,0,1,0%,28
industrial diesel engine parts,0,1,0%,31
industrial engine components,0,1,0%,35
700429058001,0,1,0%,38
diesel source inc,0,1,0%,39
0031845301,0,1,0%,41
8591840001,0,1,0%,41
x00021242,0,1,0%,41
mtu turbocharger,0,1,0%,44
diesel engine rail,0,1,0%,46
marine diesel parts,0,1,0%,49
mtu 6r099ta51,0,1,0%,50
x59420300092,0,1,0%,50
cummins diesel engines and parts,0,1,0%,52
mtu 2000 reparatur,0,1,0%,52
cummins diesel engine parts,0,1,0%,53
mtu 16v1163,0,1,0%,53
diesel engine parts supplier,0,1,0%,57
mtu parts distributors,0,1,0%,57
mtu 16v595te90,0,1,0%,60
diesel engines parts,0,1,0%,61
parts for deutz engine,0,1,0%,62
genuine marine engine parts,0,1,0%,63
mtu 0031845301,0,1,0%,63
diesel engine generator parts,0,1,0%,65
buy ship engines,0,1,0%,66
700429033000,0,1,0%,67
deutz engine parts canada,0,1,0%,67
mtu 20v538tb92,0,1,0%,68
machinery engine parts,0,1,0%,69
industrial engine overhaul,0,1,0%,72
4 stroke diesel engine spare parts,0,1,0%,73
machinery engines parts,0,1,0%,76
ship engine replacement parts,0,1,0%,77
x52499100021,0,1,0%,77
ship engine parts online,0,1,0%,80
0000160119,0,1,0%,81
marine diesel engine suppliers,0,1,0%,81
diesel engine parts suppliers,0,1,0%,84
700386050002,0,1,0%,87
0005333080,0,1,0%,88
diesel engine parts manufacturer,0,1,0%,88
oem marine spare parts,0,1,0%,88
x00043218,0,1,0%,88
spare parts of diesel engine,0,1,0%,89
diesel generator set parts,0,1,0%,91
oem ship engine spare parts supplier,0,1,0%,95
700429253000,0,1,0%,99
ship engine spare parts,0,1,0%,99